{
  "playwright.config.ts": 1775421309.4724896,
  "src/server/logger.ts": 1775463474.3787386,
  "src/server/auth.ts": 1775483076.2752647,
  "src/server/config.ts": 1775483113.6928644,
  "src/server/backup.ts": 1775483491.3459415,
  "src/server/settings.ts": 1775575072.810879,
  "src/server/index.ts": 1775576695.5228486,
  "src/server/db.ts": 1775577610.671028,
  "src/server/llm.ts": 1775577645.243707,
  "src/server/scheduler.ts": 1775577667.591146,
  "src/server/types.ts": 1775577892.1735575,
  "src/server/sources/jobindex.ts": 1775420067.140735,
  "src/server/sources/linkedin.ts": 1775463381.4522538,
  "src/server/routes/fetch.ts": 1775152308.252583,
  "src/server/routes/logs.ts": 1775463486.059925,
  "src/server/routes/auth.ts": 1775483086.7684329,
  "src/server/routes/backups.ts": 1775483504.6491601,
  "src/server/routes/kanban.ts": 1775546871.0893073,
  "src/server/routes/settings.ts": 1775577673.0152524,
  "src/server/routes/jobs.ts": 1775577677.1613338,
  "src/server/tests/settings.test.ts": 1775575873.995603,
  "src/server/tests/helpers/db.ts": 1775374144.4961686,
  "src/server/tests/helpers/setup.ts": 1775389635.7092483,
  "src/server/tests/unit/llm.test.ts": 1775365715.1525667,
  "src/server/tests/unit/linkedin.test.ts": 1775395523.4707398,
  "src/server/tests/unit/settings-module.test.ts": 1775575901.438118,
  "src/server/tests/unit/auto-reject.test.ts": 1775575914.188357,
  "src/server/tests/integration/jobs.test.ts": 1775365754.296194,
  "src/server/tests/integration/kanban.test.ts": 1775365768.7874265,
  "src/server/tests/integration/kanban-extra.test.ts": 1775420779.181055,
  "src/server/tests/integration/jobs-bulk.test.ts": 1775420865.5964296,
  "src/server/tests/integration/auth.test.ts": 1775483407.5435736,
  "src/server/tests/integration/backups.test.ts": 1775483428.6089113,
  "src/server/tests/integration/logs.test.ts": 1775483448.4822376,
  "src/server/utils/fetchPageText.ts": 1775420071.2578163,
  "src/server/scripts/migrate-data-files.ts": 1775404421.8339565,
  "src/client/vite.config.ts": 1775550058.036753,
  "src/client/src/main.tsx": 1775196805.1466374,
  "src/client/src/vite-env.d.ts": 1775211808.3604455,
  "src/client/src/App.tsx": 1775576707.471105,
  "src/client/src/types.ts": 1775577681.339416,
  "src/client/src/views/LogsView.tsx": 1775463538.509763,
  "src/client/src/views/LoginView.tsx": 1775483139.1722727,
  "src/client/src/views/KanbanView.tsx": 1775567592.9223185,
  "src/client/src/views/SettingsView.tsx": 1775577920.417112,
  "src/client/src/views/JobsView.tsx": 1775724964.6435845,
  "src/client/src/components/Logo.tsx": 1775211467.268113,
  "src/client/src/components/Toast.tsx": 1775211782.1470356,
  "src/client/src/components/KanbanCard.tsx": 1775547007.0444841,
  "src/client/src/components/KanbanColumn.tsx": 1775567618.163755,
  "src/client/src/components/JobRow.tsx": 1775724959.4645026,
  "src/client/src/components/JobDetail.tsx": 1775724963.5205667,
  "src/client/src/tests/setup.ts": 1775365792.9458137,
  "src/client/src/tests/helpers.ts": 1775365797.9138932,
  "src/client/src/tests/JobDetail.test.tsx": 1775365834.2374754,
  "src/client/src/tests/KanbanCard.test.tsx": 1775365884.7222846,
  "src/client/src/tests/JobRow.test.tsx": 1775392291.1715002,
  "src/client/src/tests/SettingsView.test.tsx": 1775404237.4106343,
  "e2e/settings.spec.ts": 1775421335.89891,
  "e2e/jobs.spec.ts": 1775421594.3290336,
  "e2e/kanban.spec.ts": 1775421600.1031349,
  "CLAUDE.md": 1775399555.8950045,
  "README.md": 1775483841.1556878,
  "docs/superpowers/specs/2026-03-31-job-aggregator-design.md": 1774944069.3175352,
  "docs/superpowers/specs/2026-04-03-tailwind-logo-animations-design.md": 1775197999.4988341,
  "docs/superpowers/specs/2026-04-05-settings-page-design.md": 1775387816.7287886,
  "docs/superpowers/plans/2026-04-05-settings-page.md": 1775388214.0635993,
  "docs/superpowers/plans/2026-04-05-linkedin-playwright-scraper.md": 1775402639.486774,
  "data/resume.example.md": 1775122243.2443876,
  "data/preferences.example.md": 1775161801.836165,
  "data/preferences.md": 1775163209.2395191,
  "data/resume.md": 1775196551.7136734,
  "src/server/mobile-before.png": 1775390078.9598718
}